gfx,cu_num,M,N,K,libtype,kernelId,splitK,us,kernelName,tflops,bw,errRatio
gfx942,304,1,3392,6144,ck,7,0,16.6679,a8w8_blockscale_bpreshuffle_1x128x128_256x16x64x256_16x16_16x16_16x16x1_16x16x1_1x16x1x16_4_1x1_intrawave_v1,2.5,1251.11,0.0
gfx942,304,2,3392,6144,ck,7,0,16.7066,a8w8_blockscale_bpreshuffle_1x128x128_256x16x64x256_16x16_16x16_16x16x1_16x16x1_1x16x1x16_4_1x1_intrawave_v1,4.99,1248.99,0.0
gfx942,304,4,3392,6144,ck,7,0,16.703,a8w8_blockscale_bpreshuffle_1x128x128_256x16x64x256_16x16_16x16_16x16x1_16x16x1_1x16x1x16_4_1x1_intrawave_v1,9.98,1250.8,0.0
gfx942,304,8,3392,6144,ck,7,0,16.8158,a8w8_blockscale_bpreshuffle_1x128x128_256x16x64x256_16x16_16x16_16x16x1_16x16x1_1x16x1x16_4_1x1_intrawave_v1,19.83,1245.49,0.0
gfx942,304,16,3392,6144,ck,7,0,14.629,a8w8_blockscale_bpreshuffle_1x128x128_256x16x64x256_16x16_16x16_16x16x1_16x16x1_1x16x1x16_4_1x1_intrawave_v1,45.59,1438.74,0.0
gfx942,304,32,3392,6144,ck,7,0,14.6512,a8w8_blockscale_bpreshuffle_1x128x128_256x16x64x256_16x16_16x16_16x16x1_16x16x1_1x16x1x16_4_1x1_intrawave_v1,91.04,1450.68,0.0
gfx942,304,40,3392,6144,ck,7,0,16.769,a8w8_blockscale_bpreshuffle_1x128x128_256x16x64x256_16x16_16x16_16x16x1_16x16x1_1x16x1x16_4_1x1_intrawave_v1,99.42,1273.63,0.0
gfx942,304,48,3392,6144,ck,7,0,14.5228,a8w8_blockscale_bpreshuffle_1x128x128_256x16x64x256_16x16_16x16_16x16x1_16x16x1_1x16x1x16_4_1x1_intrawave_v1,137.76,1477.74,0.0
gfx942,304,56,3392,6144,ck,7,0,16.761,a8w8_blockscale_bpreshuffle_1x128x128_256x16x64x256_16x16_16x16_16x16x1_16x16x1_1x16x1x16_4_1x1_intrawave_v1,139.26,1286.58,0.0
gfx942,304,64,3392,6144,ck,7,0,13.8929,a8w8_blockscale_bpreshuffle_1x128x128_256x16x64x256_16x16_16x16_16x16x1_16x16x1_1x16x1x16_4_1x1_intrawave_v1,192.01,1559.63,0.0
gfx942,304,72,3392,6144,ck,7,0,18.6379,a8w8_blockscale_bpreshuffle_1x128x128_256x16x64x256_16x16_16x16_16x16x1_16x16x1_1x16x1x16_4_1x1_intrawave_v1,161.02,1168.12,0.0
gfx942,304,80,3392,6144,ck,7,0,18.604,a8w8_blockscale_bpreshuffle_1x128x128_256x16x64x256_16x16_16x16_16x16x1_16x16x1_1x16x1x16_4_1x1_intrawave_v1,179.23,1175.81,0.0
gfx942,304,96,3392,6144,ck,7,0,15.2363,a8w8_blockscale_bpreshuffle_1x128x128_256x16x64x256_16x16_16x16_16x16x1_16x16x1_1x16x1x16_4_1x1_intrawave_v1,262.62,1449.27,0.0
gfx942,304,104,3392,6144,ck,7,0,18.0664,a8w8_blockscale_bpreshuffle_1x128x128_256x16x64x256_16x16_16x16_16x16x1_16x16x1_1x16x1x16_4_1x1_intrawave_v1,239.94,1227.97,0.0
gfx942,304,112,3392,6144,ck,7,0,17.9333,a8w8_blockscale_bpreshuffle_1x128x128_256x16x64x256_16x16_16x16_16x16x1_16x16x1_1x16x1x16_4_1x1_intrawave_v1,260.31,1242.85,0.0
gfx942,304,128,3392,6144,ck,12,0,16.1608,a8w8_blockscale_bpreshuffle_1x128x128_256x32x64x256_16x16_16x16_16x16x1_16x16x1_1x32x1x8_8_2x1_intrawave_v1,330.13,1391.96,0.0
gfx942,304,136,3392,6144,ck,7,0,22.3203,a8w8_blockscale_bpreshuffle_1x128x128_256x16x64x256_16x16_16x16_16x16x1_16x16x1_1x16x1x16_4_1x1_intrawave_v1,253.97,1012.47,0.0
gfx942,304,144,3392,6144,ck,7,0,22.9142,a8w8_blockscale_bpreshuffle_1x128x128_256x16x64x256_16x16_16x16_16x16x1_16x16x1_1x16x1x16_4_1x1_intrawave_v1,261.94,990.74,0.0
gfx942,304,160,3392,6144,ck,12,0,19.8558,a8w8_blockscale_bpreshuffle_1x128x128_256x32x64x256_16x16_16x16_16x16x1_16x16x1_1x32x1x8_8_2x1_intrawave_v1,335.87,1153.77,0.0
gfx942,304,176,3392,6144,ck,7,0,20.8502,a8w8_blockscale_bpreshuffle_1x128x128_256x16x64x256_16x16_16x16_16x16x1_16x16x1_1x16x1x16_4_1x1_intrawave_v1,351.84,1108.66,0.0
gfx942,304,184,3392,6144,ck,12,0,24.031,a8w8_blockscale_bpreshuffle_1x128x128_256x32x64x256_16x16_16x16_16x16x1_16x16x1_1x32x1x8_8_2x1_intrawave_v1,319.14,966.22,0.0
gfx942,304,192,3392,6144,ck,17,0,22.2488,a8w8_blockscale_bpreshuffle_1x128x128_256x64x64x256_16x16_16x16_16x16x1_16x16x1_1x32x1x8_8_2x1_intrawave_v1,359.69,1048.26,0.0
gfx942,304,200,3392,6144,ck,12,0,25.5529,a8w8_blockscale_bpreshuffle_1x128x128_256x32x64x256_16x16_16x16_16x16x1_16x16x1_1x32x1x8_8_2x1_intrawave_v1,326.23,916.77,0.0
gfx942,304,208,3392,6144,ck,12,0,25.2789,a8w8_blockscale_bpreshuffle_1x128x128_256x32x64x256_16x16_16x16_16x16x1_16x16x1_1x32x1x8_8_2x1_intrawave_v1,342.96,930.79,0.0
gfx942,304,216,3392,6144,ck,12,0,25.8204,a8w8_blockscale_bpreshuffle_1x128x128_256x32x64x256_16x16_16x16_16x16x1_16x16x1_1x32x1x8_8_2x1_intrawave_v1,348.68,915.28,0.0
gfx942,304,224,3392,6144,ck,12,0,24.3935,a8w8_blockscale_bpreshuffle_1x128x128_256x32x64x256_16x16_16x16_16x16x1_16x16x1_1x32x1x8_8_2x1_intrawave_v1,382.75,973.06,0.0
gfx942,304,232,3392,6144,ck,12,0,27.2051,a8w8_blockscale_bpreshuffle_1x128x128_256x32x64x256_16x16_16x16_16x16x1_16x16x1_1x32x1x8_8_2x1_intrawave_v1,355.45,876.3,0.0
gfx942,304,240,3392,6144,ck,12,0,26.7371,a8w8_blockscale_bpreshuffle_1x128x128_256x32x64x256_16x16_16x16_16x16x1_16x16x1_1x32x1x8_8_2x1_intrawave_v1,374.14,895.5,0.0
gfx942,304,256,3392,6144,ck,17,0,22.6197,a8w8_blockscale_bpreshuffle_1x128x128_256x64x64x256_16x16_16x16_16x16x1_16x16x1_1x32x1x8_8_2x1_intrawave_v1,471.73,1067.65,0.0
gfx942,304,272,3392,6144,ck,12,0,28.0164,a8w8_blockscale_bpreshuffle_1x128x128_256x32x64x256_16x16_16x16_16x16x1_16x16x1_1x32x1x8_8_2x1_intrawave_v1,404.66,869.38,0.0
gfx942,304,288,3392,6144,ck,12,0,27.1177,a8w8_blockscale_bpreshuffle_1x128x128_256x32x64x256_16x16_16x16_16x16x1_16x16x1_1x32x1x8_8_2x1_intrawave_v1,442.67,905.82,0.0
gfx942,304,304,3392,6144,ck,12,0,28.4696,a8w8_blockscale_bpreshuffle_1x128x128_256x32x64x256_16x16_16x16_16x16x1_16x16x1_1x32x1x8_8_2x1_intrawave_v1,445.07,870.07,0.0
gfx942,304,320,3392,6144,ck,17,0,26.2204,a8w8_blockscale_bpreshuffle_1x128x128_256x64x64x256_16x16_16x16_16x16x1_16x16x1_1x32x1x8_8_2x1_intrawave_v1,508.68,952.59,0.0
gfx942,304,336,3392,6144,ck,12,0,30.442,a8w8_blockscale_bpreshuffle_1x128x128_256x32x64x256_16x16_16x16_16x16x1_16x16x1_1x32x1x8_8_2x1_intrawave_v1,460.05,827.29,0.0
gfx942,304,352,3392,6144,ck,12,0,27.8683,a8w8_blockscale_bpreshuffle_1x128x128_256x32x64x256_16x16_16x16_16x16x1_16x16x1_1x32x1x8_8_2x1_intrawave_v1,526.46,911.11,0.0
gfx942,304,368,3392,6144,ck,10,0,32.8476,a8w8_blockscale_bpreshuffle_1x128x128_256x32x64x128_16x16_16x16_8x32x1_8x32x1_1x32x1x8_8_2x1_intrawave_v1,466.96,779.29,0.0
gfx942,304,384,3392,6144,ck,10,0,32.8666,a8w8_blockscale_bpreshuffle_1x128x128_256x32x64x128_16x16_16x16_8x32x1_8x32x1_1x32x1x8_8_2x1_intrawave_v1,486.98,785.14,0.0
gfx942,304,400,3392,6144,ck,10,0,34.7956,a8w8_blockscale_bpreshuffle_1x128x128_256x32x64x128_16x16_16x16_8x32x1_8x32x1_1x32x1x8_8_2x1_intrawave_v1,479.15,747.56,0.0
gfx942,304,416,3392,6144,ck,10,0,34.52,a8w8_blockscale_bpreshuffle_1x128x128_256x32x64x128_16x16_16x16_8x32x1_8x32x1_1x32x1x8_8_2x1_intrawave_v1,502.3,759.52,0.0
gfx942,304,432,3392,6144,ck,10,0,35.8396,a8w8_blockscale_bpreshuffle_1x128x128_256x32x64x128_16x16_16x16_8x32x1_8x32x1_1x32x1x8_8_2x1_intrawave_v1,502.41,737.32,0.0
gfx942,304,448,3392,6144,ck,10,0,34.6147,a8w8_blockscale_bpreshuffle_1x128x128_256x32x64x128_16x16_16x16_8x32x1_8x32x1_1x32x1x8_8_2x1_intrawave_v1,539.45,769.39,0.0
gfx942,304,464,3392,6144,ck,10,0,35.9968,a8w8_blockscale_bpreshuffle_1x128x128_256x32x64x128_16x16_16x16_8x32x1_8x32x1_1x32x1x8_8_2x1_intrawave_v1,537.27,745.6,0.0
gfx942,304,480,3392,6144,ck,10,0,36.4462,a8w8_blockscale_bpreshuffle_1x128x128_256x32x64x128_16x16_16x16_8x32x1_8x32x1_1x32x1x8_8_2x1_intrawave_v1,548.94,742.08,0.0
gfx942,304,496,3392,6144,ck,10,0,40.1098,a8w8_blockscale_bpreshuffle_1x128x128_256x32x64x128_16x16_16x16_8x32x1_8x32x1_1x32x1x8_8_2x1_intrawave_v1,515.43,679.45,0.0
gfx942,304,512,3392,6144,ck,10,0,38.9611,a8w8_blockscale_bpreshuffle_1x128x128_256x32x64x128_16x16_16x16_8x32x1_8x32x1_1x32x1x8_8_2x1_intrawave_v1,547.74,704.79,0.0
gfx942,304,588,3392,6144,ck,17,0,47.7258,a8w8_blockscale_bpreshuffle_1x128x128_256x64x64x256_16x16_16x16_16x16x1_16x16x1_1x32x1x8_8_2x1_intrawave_v1,513.52,595.95,0.0
gfx942,304,664,3392,6144,ck,17,0,49.771,a8w8_blockscale_bpreshuffle_1x128x128_256x64x64x256_16x16_16x16_16x16x1_16x16x1_1x32x1x8_8_2x1_intrawave_v1,556.07,591.2,0.0
gfx942,304,768,3392,6144,ck,15,0,58.1555,a8w8_blockscale_bpreshuffle_1x128x128_256x64x64x128_16x16_16x16_8x32x1_8x32x1_1x32x1x8_8_2x1_intrawave_v1,550.44,529.08,0.0
gfx942,304,896,3392,6144,ck,15,0,60.7768,a8w8_blockscale_bpreshuffle_1x128x128_256x64x64x128_16x16_16x16_8x32x1_8x32x1_1x32x1x8_8_2x1_intrawave_v1,614.48,533.49,0.0
gfx942,304,1024,3392,6144,ck,15,0,62.589,a8w8_blockscale_bpreshuffle_1x128x128_256x64x64x128_16x16_16x16_8x32x1_8x32x1_1x32x1x8_8_2x1_intrawave_v1,681.93,544.48,0.0
gfx942,304,2048,3392,6144,ck,15,0,117.3917,a8w8_blockscale_bpreshuffle_1x128x128_256x64x64x128_16x16_16x16_8x32x1_8x32x1_1x32x1x8_8_2x1_intrawave_v1,727.16,403.07,0.0
gfx942,304,3072,3392,6144,ck,15,0,171.7403,a8w8_blockscale_bpreshuffle_1x128x128_256x64x64x128_16x16_16x16_8x32x1_8x32x1_1x32x1x8_8_2x1_intrawave_v1,745.57,352.6,0.0
gfx942,304,4096,3392,6144,ck,15,0,219.9192,a8w8_blockscale_bpreshuffle_1x128x128_256x64x64x128_16x16_16x16_8x32x1_8x32x1_1x32x1x8_8_2x1_intrawave_v1,776.31,335.55,0.0
gfx942,304,8192,3392,6144,ck,2,0,408.4342,a8w8_blockscale_bpreshuffle_1x128x128_256x64x64x128_16x16_16x16_8x32x1_8x32x1_1x32x1x8_8_2x1_intrawave_v3,836.0,310.32,0.0
gfx942,304,10240,3392,6144,ck,15,0,521.4477,a8w8_blockscale_bpreshuffle_1x128x128_256x64x64x128_16x16_16x16_8x32x1_8x32x1_1x32x1x8_8_2x1_intrawave_v1,818.51,293.84,0.0
gfx942,304,12288,3392,6144,ck,15,0,620.9076,a8w8_blockscale_bpreshuffle_1x128x128_256x64x64x128_16x16_16x16_8x32x1_8x32x1_1x32x1x8_8_2x1_intrawave_v1,824.88,289.41,0.0
gfx942,304,14336,3392,6144,ck,2,0,709.5892,a8w8_blockscale_bpreshuffle_1x128x128_256x64x64x128_16x16_16x16_8x32x1_8x32x1_1x32x1x8_8_2x1_intrawave_v3,842.09,290.56,0.0
gfx942,304,16384,3392,6144,ck,15,0,805.0789,a8w8_blockscale_bpreshuffle_1x128x128_256x64x64x128_16x16_16x16_8x32x1_8x32x1_1x32x1x8_8_2x1_intrawave_v1,848.24,288.98,0.0
gfx942,304,24576,3392,6144,ck,2,0,1198.6922,a8w8_blockscale_bpreshuffle_1x128x128_256x64x64x128_16x16_16x16_8x32x1_8x32x1_1x32x1x8_8_2x1_intrawave_v3,854.56,282.44,0.0
gfx942,304,32768,3392,6144,ck,2,0,1606.1446,a8w8_blockscale_bpreshuffle_1x128x128_256x64x64x128_16x16_16x16_8x32x1_8x32x1_1x32x1x8_8_2x1_intrawave_v3,850.36,276.73,0.0
gfx942,304,49152,3392,6144,ck,2,0,2376.8295,a8w8_blockscale_bpreshuffle_1x128x128_256x64x64x128_16x16_16x16_8x32x1_8x32x1_1x32x1x8_8_2x1_intrawave_v3,861.95,276.11,0.0
gfx942,304,65536,3392,6144,ck,2,0,3160.8792,a8w8_blockscale_bpreshuffle_1x128x128_256x64x64x128_16x16_16x16_8x32x1_8x32x1_1x32x1x8_8_2x1_intrawave_v3,864.19,274.64,0.0
gfx942,304,131072,3392,6144,ck,2,0,6480.3452,a8w8_blockscale_bpreshuffle_1x128x128_256x64x64x128_16x16_16x16_8x32x1_8x32x1_1x32x1x8_8_2x1_intrawave_v3,843.04,264.7,0.0
gfx942,304,1,4096,6144,ck,7,0,16.7545,a8w8_blockscale_bpreshuffle_1x128x128_256x16x64x256_16x16_16x16_16x16x1_16x16x1_1x16x1x16_4_1x1_intrawave_v1,3.0,1502.89,0.0
gfx942,304,2,4096,6144,ck,7,0,16.7735,a8w8_blockscale_bpreshuffle_1x128x128_256x16x64x256_16x16_16x16_16x16x1_16x16x1_1x16x1x16_4_1x1_intrawave_v1,6.0,1502.04,0.0
gfx942,304,4,4096,6144,ck,7,0,16.7368,a8w8_blockscale_bpreshuffle_1x128x128_256x16x64x256_16x16_16x16_16x16x1_16x16x1_1x16x1x16_4_1x1_intrawave_v1,12.03,1507.05,0.0
gfx942,304,8,4096,6144,ck,7,0,16.7965,a8w8_blockscale_bpreshuffle_1x128x128_256x16x64x256_16x16_16x16_16x16x1_16x16x1_1x16x1x16_4_1x1_intrawave_v1,23.97,1505.11,0.0
gfx942,304,16,4096,6144,ck,7,0,14.6507,a8w8_blockscale_bpreshuffle_1x128x128_256x16x64x256_16x16_16x16_16x16x1_16x16x1_1x16x1x16_4_1x1_intrawave_v1,54.97,1733.38,0.0
gfx942,304,32,4096,6144,ck,7,0,14.2193,a8w8_blockscale_bpreshuffle_1x128x128_256x16x64x256_16x16_16x16_16x16x1_16x16x1_1x16x1x16_4_1x1_intrawave_v1,113.27,1802.1,0.0
gfx942,304,40,4096,6144,ck,7,0,15.8791,a8w8_blockscale_bpreshuffle_1x128x128_256x16x64x256_16x16_16x16_16x16x1_16x16x1_1x16x1x16_4_1x1_intrawave_v1,126.79,1620.95,0.0
gfx942,304,48,4096,6144,ck,7,0,14.5882,a8w8_blockscale_bpreshuffle_1x128x128_256x16x64x256_16x16_16x16_16x16x1_16x16x1_1x16x1x16_4_1x1_intrawave_v1,165.61,1772.25,0.0
gfx942,304,56,4096,6144,ck,7,0,16.9978,a8w8_blockscale_bpreshuffle_1x128x128_256x16x64x256_16x16_16x16_16x16x1_16x16x1_1x16x1x16_4_1x1_intrawave_v1,165.82,1527.76,0.0
gfx942,304,64,4096,6144,ck,7,0,14.6911,a8w8_blockscale_bpreshuffle_1x128x128_256x16x64x256_16x16_16x16_16x16x1_16x16x1_1x16x1x16_4_1x1_intrawave_v1,219.26,1775.45,0.0
gfx942,304,72,4096,6144,ck,12,0,20.5024,a8w8_blockscale_bpreshuffle_1x128x128_256x32x64x256_16x16_16x16_16x16x1_16x16x1_1x32x1x8_8_2x1_intrawave_v1,176.75,1277.8,0.0
gfx942,304,80,4096,6144,ck,12,0,20.6092,a8w8_blockscale_bpreshuffle_1x128x128_256x32x64x256_16x16_16x16_16x16x1_16x16x1_1x32x1x8_8_2x1_intrawave_v1,195.38,1276.75,0.0
gfx942,304,96,4096,6144,ck,12,0,16.4079,a8w8_blockscale_bpreshuffle_1x128x128_256x32x64x256_16x16_16x16_16x16x1_16x16x1_1x32x1x8_8_2x1_intrawave_v1,294.48,1617.64,0.0
gfx942,304,104,4096,6144,ck,7,0,18.1395,a8w8_blockscale_bpreshuffle_1x128x128_256x16x64x256_16x16_16x16_16x16x1_16x16x1_1x16x1x16_4_1x1_intrawave_v1,288.57,1469.54,0.0
gfx942,304,112,4096,6144,ck,6,0,17.7473,a8w8_blockscale_bpreshuffle_1x128x128_256x16x128x256_16x16_16x16_16x16x1_16x16x1_1x16x1x16_8_1x2_intrawave_v1,317.63,1508.48,0.0
gfx942,304,128,4096,6144,ck,12,0,16.359,a8w8_blockscale_bpreshuffle_1x128x128_256x32x64x256_16x16_16x16_16x16x1_16x16x1_1x32x1x8_8_2x1_intrawave_v1,393.82,1650.52,0.0
gfx942,304,136,4096,6144,asm,0,1,23.3769,_ZN5aiter42fp8gemm_bf16_blockscale_BpreShuffle_32x128E,292.81,1159.93,0.0
gfx942,304,144,4096,6144,asm,0,1,22.8838,_ZN5aiter42fp8gemm_bf16_blockscale_BpreShuffle_32x128E,316.72,1189.93,0.0
gfx942,304,160,4096,6144,asm,0,1,24.4199,_ZN5aiter42fp8gemm_bf16_blockscale_BpreShuffle_32x128E,329.77,1124.48,0.0
gfx942,304,176,4096,6144,asm,0,1,23.7351,_ZN5aiter42fp8gemm_bf16_blockscale_BpreShuffle_32x128E,373.22,1166.58,0.0
gfx942,304,184,4096,6144,asm,0,1,24.2446,_ZN5aiter42fp8gemm_bf16_blockscale_BpreShuffle_32x128E,381.98,1146.8,0.0
gfx942,304,192,4096,6144,ck,11,0,23.1445,a8w8_blockscale_bpreshuffle_1x128x128_256x32x128x256_16x16_16x16_16x16x1_16x16x1_1x32x1x8_8_2x1_intrawave_v1,417.54,1206.26,0.0
gfx942,304,200,4096,6144,asm,0,1,23.7729,_ZN5aiter42fp8gemm_bf16_blockscale_BpreShuffle_32x128E,423.44,1179.2,0.0
gfx942,304,208,4096,6144,asm,0,1,24.0511,_ZN5aiter42fp8gemm_bf16_blockscale_BpreShuffle_32x128E,435.28,1170.33,0.0
gfx942,304,216,4096,6144,asm,0,1,24.0389,_ZN5aiter42fp8gemm_bf16_blockscale_BpreShuffle_32x128E,452.25,1175.69,0.0
gfx942,304,224,4096,6144,ck,11,0,23.6171,a8w8_blockscale_bpreshuffle_1x128x128_256x32x128x256_16x16_16x16_16x16x1_16x16x1_1x32x1x8_8_2x1_intrawave_v1,477.38,1201.55,0.0
gfx942,304,232,4096,6144,asm,0,1,24.493,_ZN5aiter42fp8gemm_bf16_blockscale_BpreShuffle_32x128E,476.75,1163.26,0.0
gfx942,304,240,4096,6144,asm,0,1,24.3241,_ZN5aiter42fp8gemm_bf16_blockscale_BpreShuffle_32x128E,496.61,1176.05,0.0
gfx942,304,256,4096,6144,ck,11,0,23.8652,a8w8_blockscale_bpreshuffle_1x128x128_256x32x128x256_16x16_16x16_16x16x1_16x16x1_1x32x1x8_8_2x1_intrawave_v1,539.9,1208.28,0.0
gfx942,304,272,4096,6144,asm,0,1,25.5169,_ZN5aiter42fp8gemm_bf16_blockscale_BpreShuffle_32x128E,536.52,1139.06,0.0
gfx942,304,288,4096,6144,asm,0,1,25.4828,_ZN5aiter42fp8gemm_bf16_blockscale_BpreShuffle_32x128E,568.84,1149.58,0.0
gfx942,304,304,4096,6144,asm,1,1,27.7828,_ZN5aiter42fp8gemm_bf16_blockscale_BpreShuffle_48x128E,550.73,1062.67,0.0
gfx942,304,320,4096,6144,asm,1,1,27.6841,_ZN5aiter42fp8gemm_bf16_blockscale_BpreShuffle_48x128E,581.78,1074.74,0.0
gfx942,304,336,4096,6144,asm,1,1,27.8003,_ZN5aiter42fp8gemm_bf16_blockscale_BpreShuffle_48x128E,608.32,1078.5,0.0
gfx942,304,352,4096,6144,asm,1,1,29.0684,_ZN5aiter42fp8gemm_bf16_blockscale_BpreShuffle_48x128E,609.48,1039.34,0.0
gfx942,304,368,4096,6144,asm,1,1,28.8445,_ZN5aiter42fp8gemm_bf16_blockscale_BpreShuffle_48x128E,642.13,1055.36,0.0
gfx942,304,384,4096,6144,asm,1,1,28.2282,_ZN5aiter42fp8gemm_bf16_blockscale_BpreShuffle_48x128E,684.68,1086.53,0.0
gfx942,304,400,4096,6144,asm,1,1,30.5763,_ZN5aiter42fp8gemm_bf16_blockscale_BpreShuffle_48x128E,658.44,1010.59,0.0
gfx942,304,416,4096,6144,asm,1,1,29.7459,_ZN5aiter42fp8gemm_bf16_blockscale_BpreShuffle_48x128E,703.89,1046.52,0.0
gfx942,304,432,4096,6144,asm,1,1,29.4868,_ZN5aiter42fp8gemm_bf16_blockscale_BpreShuffle_48x128E,737.39,1063.49,0.0
gfx942,304,448,4096,6144,asm,2,1,33.2118,_ZN5aiter42fp8gemm_bf16_blockscale_BpreShuffle_64x128E,678.93,951.12,0.0
gfx942,304,464,4096,6144,asm,2,1,33.4894,_ZN5aiter42fp8gemm_bf16_blockscale_BpreShuffle_64x128E,697.35,950.08,0.0
gfx942,304,480,4096,6144,asm,2,1,32.8264,_ZN5aiter42fp8gemm_bf16_blockscale_BpreShuffle_64x128E,735.97,976.26,0.0
gfx942,304,496,4096,6144,asm,2,1,33.7482,_ZN5aiter42fp8gemm_bf16_blockscale_BpreShuffle_64x128E,739.73,956.39,0.0
gfx942,304,512,4096,6144,asm,2,1,34.3855,_ZN5aiter42fp8gemm_bf16_blockscale_BpreShuffle_64x128E,749.44,945.34,0.0
gfx942,304,588,4096,6144,asm,3,1,40.1423,_ZN5aiter42fp8gemm_bf16_blockscale_BpreShuffle_80x128E,737.25,836.91,0.0
gfx942,304,664,4096,6144,asm,3,1,41.3696,_ZN5aiter42fp8gemm_bf16_blockscale_BpreShuffle_80x128E,807.84,838.42,0.0
gfx942,304,768,4096,6144,asm,4,1,47.183,_ZN5aiter42fp8gemm_bf16_blockscale_BpreShuffle_96x128E,819.25,766.71,0.0
gfx942,304,896,4096,6144,asm,5,1,55.488,_ZN5aiter43fp8gemm_bf16_blockscale_BpreShuffle_128x128E,812.74,685.03,0.0
gfx942,304,1024,4096,6144,asm,5,1,57.7335,_ZN5aiter43fp8gemm_bf16_blockscale_BpreShuffle_128x128E,892.72,690.17,0.0
gfx942,304,2048,4096,6144,asm,5,1,110.5072,_ZN5aiter43fp8gemm_bf16_blockscale_BpreShuffle_128x128E,932.78,493.42,0.0
gfx942,304,3072,4096,6144,asm,5,1,160.6802,_ZN5aiter43fp8gemm_bf16_blockscale_BpreShuffle_128x128E,962.28,430.71,0.0
gfx942,304,4096,4096,6144,ck,14,0,212.5161,a8w8_blockscale_bpreshuffle_1x128x128_256x64x128x128_16x16_16x16_8x32x1_8x32x1_1x32x1x8_8_2x1_intrawave_v1,970.08,394.73,0.0
gfx942,304,8192,4096,6144,ck,13,0,382.1873,a8w8_blockscale_bpreshuffle_1x128x128_256x64x256x128_16x16_16x16_8x32x1_8x32x1_1x32x1x8_8_2x1_intrawave_v1,1078.83,373.13,0.0
gfx942,304,10240,4096,6144,ck,13,0,486.1108,a8w8_blockscale_bpreshuffle_1x128x128_256x64x256x128_16x16_16x16_8x32x1_8x32x1_1x32x1x8_8_2x1_intrawave_v1,1060.24,353.76,0.0
gfx942,304,12288,4096,6144,ck,13,0,573.3892,a8w8_blockscale_bpreshuffle_1x128x128_256x64x256x128_16x16_16x16_8x32x1_8x32x1_1x32x1x8_8_2x1_intrawave_v1,1078.63,351.12,0.0
gfx942,304,14336,4096,6144,ck,13,0,641.7503,a8w8_blockscale_bpreshuffle_1x128x128_256x64x256x128_16x16_16x16_8x32x1_8x32x1_1x32x1x8_8_2x1_intrawave_v1,1124.35,359.46,0.0
gfx942,304,16384,4096,6144,ck,13,0,751.6165,a8w8_blockscale_bpreshuffle_1x128x128_256x64x256x128_16x16_16x16_8x32x1_8x32x1_1x32x1x8_8_2x1_intrawave_v1,1097.15,345.98,0.0
gfx942,304,24576,4096,6144,ck,13,0,1131.931,a8w8_blockscale_bpreshuffle_1x128x128_256x64x256x128_16x16_16x16_8x32x1_8x32x1_1x32x1x8_8_2x1_intrawave_v1,1092.78,333.49,0.0
gfx942,304,32768,4096,6144,ck,13,0,1495.6057,a8w8_blockscale_bpreshuffle_1x128x128_256x64x256x128_16x16_16x16_8x32x1_8x32x1_1x32x1x8_8_2x1_intrawave_v1,1102.74,330.92,0.0
gfx942,304,49152,4096,6144,ck,13,0,2201.9927,a8w8_blockscale_bpreshuffle_1x128x128_256x64x256x128_16x16_16x16_8x32x1_8x32x1_1x32x1x8_8_2x1_intrawave_v1,1123.48,331.43,0.0
gfx942,304,65536,4096,6144,asm,4,1,2941.436,_ZN5aiter42fp8gemm_bf16_blockscale_BpreShuffle_96x128E,1121.4,327.97,0.0
gfx942,304,131072,4096,6144,asm,5,1,5821.2673,_ZN5aiter43fp8gemm_bf16_blockscale_BpreShuffle_128x128E,1133.27,327.11,0.0
gfx942,304,1,6144,2048,ck,7,0,7.7196,a8w8_blockscale_bpreshuffle_1x128x128_256x16x64x256_16x16_16x16_16x16x1_16x16x1_1x16x1x16_4_1x1_intrawave_v1,3.26,1631.85,0.0
gfx942,304,2,6144,2048,ck,7,0,7.3344,a8w8_blockscale_bpreshuffle_1x128x128_256x16x64x256_16x16_16x16_16x16x1_16x16x1_1x16x1x16_4_1x1_intrawave_v1,6.86,1719.51,0.0
gfx942,304,4,6144,2048,ck,7,0,7.3212,a8w8_blockscale_bpreshuffle_1x128x128_256x16x64x256_16x16_16x16_16x16x1_16x16x1_1x16x1x16_4_1x1_intrawave_v1,13.75,1726.53,0.0
gfx942,304,8,6144,2048,ck,7,0,6.9075,a8w8_blockscale_bpreshuffle_1x128x128_256x16x64x256_16x16_16x16_16x16x1_16x16x1_1x16x1x16_4_1x1_intrawave_v1,29.15,1838.23,0.0
gfx942,304,16,6144,2048,ck,7,0,6.934,a8w8_blockscale_bpreshuffle_1x128x128_256x16x64x256_16x16_16x16_16x16x1_16x16x1_1x16x1x16_4_1x1_intrawave_v1,58.07,1847.75,0.0
gfx942,304,32,6144,2048,ck,7,0,7.1096,a8w8_blockscale_bpreshuffle_1x128x128_256x16x64x256_16x16_16x16_16x16x1_16x16x1_1x16x1x16_4_1x1_intrawave_v1,113.27,1834.37,0.0
gfx942,304,40,6144,2048,ck,7,0,7.6887,a8w8_blockscale_bpreshuffle_1x128x128_256x16x64x256_16x16_16x16_16x16x1_16x16x1_1x16x1x16_4_1x1_intrawave_v1,130.92,1711.13,0.0
gfx942,304,48,6144,2048,ck,7,0,7.3315,a8w8_blockscale_bpreshuffle_1x128x128_256x16x64x256_16x16_16x16_16x16x1_16x16x1_1x16x1x16_4_1x1_intrawave_v1,164.76,1810.14,0.0
gfx942,304,56,6144,2048,ck,7,0,8.2229,a8w8_blockscale_bpreshuffle_1x128x128_256x16x64x256_16x16_16x16_16x16x1_16x16x1_1x16x1x16_4_1x1_intrawave_v1,171.39,1627.86,0.0
gfx942,304,64,6144,2048,ck,12,0,8.3898,a8w8_blockscale_bpreshuffle_1x128x128_256x32x64x256_16x16_16x16_16x16x1_16x16x1_1x32x1x8_8_2x1_intrawave_v1,191.97,1609.15,0.0
gfx942,304,72,6144,2048,ck,12,0,10.1018,a8w8_blockscale_bpreshuffle_1x128x128_256x32x64x256_16x16_16x16_16x16x1_16x16x1_1x32x1x8_8_2x1_intrawave_v1,179.37,1347.79,0.0
gfx942,304,80,6144,2048,ck,12,0,9.9389,a8w8_blockscale_bpreshuffle_1x128x128_256x32x64x256_16x16_16x16_16x16x1_16x16x1_1x32x1x8_8_2x1_intrawave_v1,202.56,1381.42,0.0
gfx942,304,96,6144,2048,ck,12,0,9.0115,a8w8_blockscale_bpreshuffle_1x128x128_256x32x64x256_16x16_16x16_16x16x1_16x16x1_1x32x1x8_8_2x1_intrawave_v1,268.09,1549.04,0.0
gfx942,304,104,6144,2048,ck,12,0,10.3352,a8w8_blockscale_bpreshuffle_1x128x128_256x32x64x256_16x16_16x16_16x16x1_16x16x1_1x32x1x8_8_2x1_intrawave_v1,253.24,1361.74,0.0
gfx942,304,112,6144,2048,ck,12,0,10.3723,a8w8_blockscale_bpreshuffle_1x128x128_256x32x64x256_16x16_16x16_16x16x1_16x16x1_1x32x1x8_8_2x1_intrawave_v1,271.74,1367.93,0.0
gfx942,304,128,6144,2048,ck,11,0,10.018,a8w8_blockscale_bpreshuffle_1x128x128_256x32x128x256_16x16_16x16_16x16x1_16x16x1_1x32x1x8_8_2x1_intrawave_v1,321.54,1439.2,0.0
gfx942,304,136,6144,2048,asm,0,1,10.4999,_ZN5aiter42fp8gemm_bf16_blockscale_BpreShuffle_32x128E,325.96,1384.07,0.0
gfx942,304,144,6144,2048,asm,0,1,10.6725,_ZN5aiter42fp8gemm_bf16_blockscale_BpreShuffle_32x128E,339.55,1372.43,0.0
gfx942,304,160,6144,2048,asm,0,1,11.281,_ZN5aiter42fp8gemm_bf16_blockscale_BpreShuffle_32x128E,356.93,1318.74,0.0
gfx942,304,176,6144,2048,asm,0,1,11.611,_ZN5aiter42fp8gemm_bf16_blockscale_BpreShuffle_32x128E,381.46,1301.01,0.0
gfx942,304,184,6144,2048,asm,0,1,11.7536,_ZN5aiter42fp8gemm_bf16_blockscale_BpreShuffle_32x128E,393.97,1294.99,0.0
gfx942,304,192,6144,2048,ck,17,0,11.7468,a8w8_blockscale_bpreshuffle_1x128x128_256x64x64x256_16x16_16x16_16x16x1_16x16x1_1x32x1x8_8_2x1_intrawave_v1,411.33,1305.5,0.0
gfx942,304,200,6144,2048,asm,1,1,12.2776,_ZN5aiter42fp8gemm_bf16_blockscale_BpreShuffle_48x128E,409.95,1258.4,0.0
gfx942,304,208,6144,2048,asm,1,1,12.4947,_ZN5aiter42fp8gemm_bf16_blockscale_BpreShuffle_48x128E,418.94,1245.71,0.0
gfx942,304,216,6144,2048,asm,1,1,12.8702,_ZN5aiter42fp8gemm_bf16_blockscale_BpreShuffle_48x128E,422.36,1218.28,0.0
gfx942,304,224,6144,2048,asm,1,1,13.5847,_ZN5aiter42fp8gemm_bf16_blockscale_BpreShuffle_48x128E,414.96,1162.64,0.0
gfx942,304,232,6144,2048,asm,1,1,13.054,_ZN5aiter42fp8gemm_bf16_blockscale_BpreShuffle_48x128E,447.26,1218.7,0.0
gfx942,304,240,6144,2048,asm,1,1,12.8697,_ZN5aiter42fp8gemm_bf16_blockscale_BpreShuffle_48x128E,469.3,1245.06,0.0
gfx942,304,256,6144,2048,asm,2,1,14.0762,_ZN5aiter42fp8gemm_bf16_blockscale_BpreShuffle_64x128E,457.68,1154.64,0.0
gfx942,304,272,6144,2048,asm,1,1,14.6415,_ZN5aiter42fp8gemm_bf16_blockscale_BpreShuffle_48x128E,467.51,1125.73,0.0
gfx942,304,288,6144,2048,asm,2,1,14.7548,_ZN5aiter42fp8gemm_bf16_blockscale_BpreShuffle_64x128E,491.21,1132.63,0.0
gfx942,304,304,6144,2048,asm,2,1,15.3957,_ZN5aiter42fp8gemm_bf16_blockscale_BpreShuffle_64x128E,496.92,1100.38,0.0
gfx942,304,320,6144,2048,asm,2,1,15.0815,_ZN5aiter42fp8gemm_bf16_blockscale_BpreShuffle_64x128E,533.97,1138.51,0.0
gfx942,304,336,6144,2048,asm,2,1,16.2941,_ZN5aiter42fp8gemm_bf16_blockscale_BpreShuffle_64x128E,518.94,1067.86,0.0
gfx942,304,352,6144,2048,asm,2,1,16.2991,_ZN5aiter42fp8gemm_bf16_blockscale_BpreShuffle_64x128E,543.49,1081.6,0.0
gfx942,304,368,6144,2048,asm,2,1,17.0052,_ZN5aiter42fp8gemm_bf16_blockscale_BpreShuffle_64x128E,544.6,1050.18,0.0
gfx942,304,384,6144,2048,asm,2,1,16.837,_ZN5aiter42fp8gemm_bf16_blockscale_BpreShuffle_64x128E,573.95,1074.3,0.0
gfx942,304,400,6144,2048,asm,3,1,18.3809,_ZN5aiter42fp8gemm_bf16_blockscale_BpreShuffle_80x128E,547.65,996.54,0.0
gfx942,304,416,6144,2048,asm,3,1,18.1073,_ZN5aiter42fp8gemm_bf16_blockscale_BpreShuffle_80x128E,578.16,1024.27,0.0
gfx942,304,432,6144,2048,asm,3,1,18.6365,_ZN5aiter42fp8gemm_bf16_blockscale_BpreShuffle_80x128E,583.35,1007.49,0.0
gfx942,304,448,6144,2048,asm,3,1,19.0129,_ZN5aiter42fp8gemm_bf16_blockscale_BpreShuffle_80x128E,592.98,999.61,0.0
gfx942,304,464,6144,2048,asm,3,1,19.011,_ZN5aiter42fp8gemm_bf16_blockscale_BpreShuffle_80x128E,614.22,1011.77,0.0
gfx942,304,480,6144,2048,asm,4,1,19.3203,_ZN5aiter42fp8gemm_bf16_blockscale_BpreShuffle_96x128E,625.23,1007.45,0.0
gfx942,304,496,6144,2048,asm,4,1,20.2329,_ZN5aiter42fp8gemm_bf16_blockscale_BpreShuffle_96x128E,616.93,973.34,0.0
gfx942,304,512,6144,2048,asm,4,1,20.4613,_ZN5aiter42fp8gemm_bf16_blockscale_BpreShuffle_96x128E,629.72,973.69,0.0
gfx942,304,588,6144,2048,asm,5,1,23.3671,_ZN5aiter43fp8gemm_bf16_blockscale_BpreShuffle_128x128E,633.26,899.23,0.0
gfx942,304,664,6144,2048,asm,5,1,24.2995,_ZN5aiter43fp8gemm_bf16_blockscale_BpreShuffle_128x128E,687.67,909.57,0.0
gfx942,304,768,6144,2048,asm,5,1,26.2708,_ZN5aiter43fp8gemm_bf16_blockscale_BpreShuffle_128x128E,735.7,898.07,0.0
gfx942,304,896,6144,2048,asm,3,1,33.2025,_ZN5aiter42fp8gemm_bf16_blockscale_BpreShuffle_80x128E,679.12,765.84,0.0
gfx942,304,1024,6144,2048,asm,4,1,39.0303,_ZN5aiter42fp8gemm_bf16_blockscale_BpreShuffle_96x128E,660.25,698.51,0.0
gfx942,304,2048,6144,2048,ck,14,0,66.5578,a8w8_blockscale_bpreshuffle_1x128x128_256x64x128x128_16x16_16x16_8x32x1_8x32x1_1x32x1x8_8_2x1_intrawave_v1,774.36,630.17,0.0
gfx942,304,3072,6144,2048,ck,13,0,89.8002,a8w8_blockscale_bpreshuffle_1x128x128_256x64x256x128_16x16_16x16_8x32x1_8x32x1_1x32x1x8_8_2x1_intrawave_v1,860.9,630.55,0.0
gfx942,304,4096,6144,2048,ck,14,0,120.1546,a8w8_blockscale_bpreshuffle_1x128x128_256x64x128x128_16x16_16x16_8x32x1_8x32x1_1x32x1x8_8_2x1_intrawave_v1,857.89,593.43,0.0
gfx942,304,8192,6144,2048,ck,13,0,221.499,a8w8_blockscale_bpreshuffle_1x128x128_256x64x256x128_16x16_16x16_8x32x1_8x32x1_1x32x1x8_8_2x1_intrawave_v1,930.74,587.02,0.0
gfx942,304,10240,6144,2048,ck,13,0,263.1745,a8w8_blockscale_bpreshuffle_1x128x128_256x64x256x128_16x16_16x16_8x32x1_8x32x1_1x32x1x8_8_2x1_intrawave_v1,979.19,605.62,0.0
gfx942,304,12288,6144,2048,ck,13,0,316.0732,a8w8_blockscale_bpreshuffle_1x128x128_256x64x256x128_16x16_16x16_8x32x1_8x32x1_1x32x1x8_8_2x1_intrawave_v1,978.37,597.15,0.0
gfx942,304,14336,6144,2048,ck,13,0,364.4219,a8w8_blockscale_bpreshuffle_1x128x128_256x64x256x128_16x16_16x16_8x32x1_8x32x1_1x32x1x8_8_2x1_intrawave_v1,990.0,598.49,0.0
gfx942,304,16384,6144,2048,ck,13,0,415.5481,a8w8_blockscale_bpreshuffle_1x128x128_256x64x256x128_16x16_16x16_8x32x1_8x32x1_1x32x1x8_8_2x1_intrawave_v1,992.22,595.51,0.0
gfx942,304,24576,6144,2048,ck,13,0,621.7283,a8w8_blockscale_bpreshuffle_1x128x128_256x64x256x128_16x16_16x16_8x32x1_8x32x1_1x32x1x8_8_2x1_intrawave_v1,994.77,586.92,0.0
gfx942,304,32768,6144,2048,ck,13,0,801.9988,a8w8_blockscale_bpreshuffle_1x128x128_256x64x256x128_16x16_16x16_8x32x1_8x32x1_1x32x1x8_8_2x1_intrawave_v1,1028.22,601.43,0.0
gfx942,304,49152,6144,2048,ck,13,0,1201.2848,a8w8_blockscale_bpreshuffle_1x128x128_256x64x256x128_16x16_16x16_8x32x1_8x32x1_1x32x1x8_8_2x1_intrawave_v1,1029.69,597.05,0.0
gfx942,304,65536,6144,2048,ck,13,0,1587.1521,a8w8_blockscale_bpreshuffle_1x128x128_256x64x256x128_16x16_16x16_8x32x1_8x32x1_1x32x1x8_8_2x1_intrawave_v1,1039.14,599.88,0.0
gfx942,304,131072,6144,2048,ck,13,0,3176.9884,a8w8_blockscale_bpreshuffle_1x128x128_256x64x256x128_16x16_16x16_8x32x1_8x32x1_1x32x1x8_8_2x1_intrawave_v1,1038.26,595.42,0.0
